Wavelength (nm),Extinction coefficient
181.553,nan
181.63,nan
181.706,nan
181.782,nan
181.859,nan
181.935,nan
182.011,nan
182.088,nan
182.164,nan
182.24,nan
182.317,nan
182.393,nan
182.469,nan
182.546,nan
182.622,nan
182.698,nan
182.775,nan
182.851,nan
182.927,nan
183.003,nan
183.08,nan
183.156,nan
183.232,nan
183.308,nan
183.385,nan
183.461,nan
183.537,nan
183.613,nan
183.69,nan
183.766,nan
183.842,nan
183.918,nan
183.995,nan
184.071,nan
184.147,nan
184.223,nan
184.299,nan
184.375,nan
184.452,nan
184.528,nan
184.604,nan
184.68,nan
184.756,nan
184.832,nan
184.908,nan
184.985,nan
185.061,nan
185.137,nan
185.213,nan
185.289,nan
185.365,nan
185.441,nan
185.517,nan
185.593,nan
185.669,nan
185.745,nan
185.822,nan
185.898,nan
185.974,nan
186.05,nan
186.126,-0.2854239210697948
186.202,-0.28417416703833903
186.278,-0.2796302368104378
186.354,-0.28093580777000815
186.43,-0.28597519914038716
186.506,-0.2903456520142322
186.582,-0.29125041673258223
186.658,-0.29270988588525554
186.734,nan
186.81,nan
186.886,nan
186.962,nan
187.038,nan
187.114,nan
187.19,nan
187.266,nan
187.341,nan
187.417,nan
187.493,nan
187.569,nan
187.645,nan
187.721,nan
187.797,nan
187.873,nan
187.949,nan
188.025,nan
188.101,nan
188.176,nan
188.252,nan
188.328,nan
188.404,nan
188.48,nan
188.556,nan
188.632,nan
188.707,nan
188.783,nan
188.859,nan
188.935,nan
189.011,nan
189.086,nan
189.162,nan
189.238,nan
189.314,nan
189.39,nan
189.465,nan
189.541,nan
189.617,nan
189.693,nan
189.768,nan
189.844,nan
189.92,nan
189.996,nan
190.071,nan
190.147,nan
190.223,nan
190.298,nan
190.374,nan
190.45,nan
190.526,nan
190.601,nan
190.677,nan
190.753,nan
190.828,nan
190.904,nan
190.98,nan
191.055,nan
191.131,nan
191.207,nan
191.282,nan
191.358,nan
191.433,nan
191.509,nan
191.585,nan
191.66,nan
191.736,nan
191.811,nan
191.887,nan
191.963,nan
192.038,nan
192.114,nan
192.189,nan
192.265,nan
192.34,nan
192.416,nan
192.491,nan
192.567,nan
192.642,nan
192.718,nan
192.793,nan
192.869,nan
192.944,nan
193.02,nan
193.095,nan
193.171,nan
193.246,nan
193.322,nan
193.397,nan
193.473,nan
193.548,-0.33209618936792334
193.624,-0.32882744885113857
193.699,-0.32475791686352967
193.775,-0.3186195411236422
193.85,-0.31308918376559874
193.925,nan
194.001,nan
194.076,nan
194.152,nan
194.227,nan
194.302,nan
194.378,nan
194.453,nan
194.529,nan
194.604,nan
194.679,nan
194.755,nan
194.83,nan
194.905,nan
194.981,nan
195.056,nan
195.131,nan
195.207,nan
195.282,nan
195.357,nan
195.433,nan
195.508,-0.2985833999659154
195.583,-0.3065117394248537
195.659,-0.3121462425659321
195.734,-0.31688350697241713
195.809,-0.3229223873627455
195.884,-0.32617528046831934
195.96,-0.3307955296197151
196.035,-0.3349479864493245
196.11,-0.33621826515887965
196.185,-0.33442375204046854
196.261,-0.3306025559235489
196.336,-0.3254085014257573
196.411,-0.3203303428576752
196.486,-0.31338841142810897
196.561,-0.3077561703195043
196.637,-0.2998855583769557
196.712,-0.29806564474128544
196.787,-0.297801276675598
196.862,-0.29749467425078696
196.937,-0.2960878176290262
197.013,-0.2979476936860211
197.088,-0.29912496390300447
197.163,nan
197.238,nan
197.313,nan
197.388,nan
197.464,nan
197.539,nan
197.614,nan
197.689,nan
197.764,nan
197.839,nan
197.914,nan
197.989,nan
198.065,nan
198.14,nan
198.215,nan
198.29,nan
198.365,nan
198.44,nan
198.515,nan
198.59,nan
198.665,nan
198.74,nan
198.815,nan
198.89,nan
198.965,nan
199.04,nan
199.115,nan
199.19,nan
199.265,nan
199.34,nan
199.415,nan
199.49,nan
199.565,nan
199.64,nan
199.715,nan
199.79,nan
199.865,nan
199.94,nan
200.015,nan
200.09,nan
200.165,nan
200.24,nan
200.315,nan
200.39,nan
200.464,nan
200.539,nan
200.614,nan
200.689,nan
200.764,nan
200.839,nan
200.914,nan
200.989,nan
201.063,nan
201.138,nan
201.213,nan
201.288,nan
201.363,nan
201.438,nan
201.512,nan
201.587,nan
201.662,nan
201.737,-0.2267366795314691
201.812,-0.22089105335896883
201.886,-0.21590449201648496
201.961,-0.21076465326875152
202.036,-0.20445418344198796
202.111,-0.19820915064217118
202.186,-0.19302334309851704
202.26,-0.1879321617655222
202.335,-0.18367259847100423
202.41,-0.18164160692194592
202.485,-0.17797206448375136
202.559,-0.17335206919302715
202.634,-0.1685545493759549
202.709,-0.16183633888671065
202.784,-0.15347655335678625
202.858,nan
202.933,nan
203.008,nan
203.082,nan
203.157,nan
203.232,nan
203.306,nan
203.381,nan
203.456,nan
203.53,nan
203.605,nan
203.68,nan
203.754,nan
203.829,nan
203.904,nan
203.978,nan
204.053,nan
204.127,nan
204.202,nan
204.277,nan
204.351,nan
204.426,0.18984763868223412
204.5,0.20535366104694372
204.575,0.22019125344895493
204.65,0.23474389572029714
204.724,0.2494036166796992
204.799,0.2635838677935697
204.873,0.2781100830639759
204.948,0.29229141307960527
205.022,0.3057620966329539
205.097,0.31853188785972003
205.171,0.33025555838387727
205.246,0.3419233116175377
205.32,0.35317679469621527
205.395,0.3641464930742297
205.469,0.3751073310026537
205.544,0.3858623195531138
205.618,0.39638341753128936
205.693,0.4067426549293719
205.767,0.41723151961939353
205.842,0.42772572291109756
205.916,0.4382619103295992
205.991,0.44865955788103956
206.065,0.4591250308304129
206.14,0.4694709918025057
206.214,0.4798310130594471
206.289,0.49066313767559555
206.363,0.50183719447605
206.438,0.5130251730978059
206.512,0.5242996116026943
206.586,0.5353937908736468
206.661,0.5461604954276097
206.735,0.5575351939747829
206.81,0.5692801827880657
206.884,0.5812686537657383
206.958,0.594222989460656
207.033,0.607170341269807
207.107,0.6200807933464326
207.181,0.6326824698928014
207.256,0.6460054625434766
207.33,0.6596740887374423
207.405,0.674451742566211
207.479,0.6887479931355175
207.553,0.7038912771661746
207.628,0.7191675033900852
207.702,0.7347500584725637
207.776,0.7505818177950982
207.851,0.7657053316145125
207.925,0.7803153529823237
207.999,0.7939529007818178
208.073,0.8072745601481099
208.148,0.8214949098676203
208.222,0.8359842935689359
208.296,0.8495623475464013
208.371,0.8618731577479706
208.445,0.873618790071939
208.519,0.8846028800532217
208.593,0.8948922518544886
208.668,0.9048866860591384
208.742,0.9149615975020492
208.816,0.9247808163169072
208.89,0.9346219139066512
208.965,0.9429484631537501
209.039,0.9519889270882731
209.113,0.9598913011684551
209.187,0.9675874547013639
209.261,0.9745687384635222
209.336,0.9812806176427095
209.41,0.9888486253688307
209.484,0.9966134501180329
209.558,1.0060281827454287
209.632,1.0161883899976147
209.707,1.0251063275880832
209.781,1.032998929249242
209.855,1.0409828346855008
209.929,1.0493099064473284
210.003,1.0571220550348401
210.077,1.0637942083781127
210.151,1.0700282054526538
210.226,1.0753728888910847
210.3,1.0804569917474742
210.374,1.0848557317359941
210.448,1.0880413209347388
210.522,1.0906136011364196
210.596,1.092242750602126
210.67,1.0932636361195234
210.744,1.0933889087642963
210.818,1.0936761256096694
210.892,1.0940604390785962
210.966,1.0939064235856073
211.041,1.0936855724527288
211.115,1.0923449393918399
211.189,1.0902178326105627
211.263,1.0877655527819208
211.337,1.0853121881801366
211.411,1.0813734420848116
211.485,1.076495588301358
211.559,1.071264825656426
211.633,1.0656845413224698
211.707,1.0593462876379471
211.781,1.0529522771281794
211.855,1.045592848397176
211.929,1.037321439447665
212.003,1.028685668319634
212.077,1.0196731843836389
212.151,1.0096333877590393
212.225,0.9991727186110813
212.299,0.98826746072728
212.373,0.9767296817576052
212.447,0.964569438635244
212.52,0.9518935394326212
212.594,0.9386264693025621
212.668,0.9252495259621916
212.742,0.9113873504767109
212.816,0.897278725644292
212.89,0.8827489789520375
212.964,0.8684332884427365
213.038,0.8541372626605993
213.112,0.8397234077574196
213.186,0.8253693777192422
213.26,0.8112472426171666
213.333,0.797042455044488
213.407,0.7830168582322375
213.481,0.7692783660215822
213.555,0.7556216962179032
213.629,0.7421002343405757
213.703,0.7287968604052486
213.777,0.7155525639215036
213.85,0.7025585007609534
213.924,0.6897437672580898
213.998,0.6770485627064112
214.072,0.6645268881767311
214.146,0.6522666769649098
214.219,0.640172280620863
214.293,0.6283516836527642
214.367,0.6167298778616283
214.441,0.6053239640946891
214.515,0.5941684293930038
214.588,0.5831585512603028
214.662,0.5723508738147087
214.736,0.5617216790248951
214.81,0.5512272537083763
214.883,0.5409416627911074
214.957,0.530834684169006
215.031,0.5209020342502377
215.105,0.5111800782422854
215.178,0.5016643685971403
215.252,0.49235503761846505
215.326,0.4832530320444672
215.4,0.47435511257806595
215.473,0.46563024978550466
215.547,0.4571058556159199
215.621,0.44875650040772824
215.694,0.44059090601488576
215.768,0.4325910246822579
215.842,0.4247508447491756
215.915,0.41708438854830016
215.989,0.40959232378284355
216.063,0.4022339940287803
216.136,0.3950532781294382
216.21,0.3880201149474424
216.284,0.38112495783589606
216.357,0.3743790451291142
216.431,0.3677711602434311
216.504,0.36129317972615327
216.578,0.35495206510451616
216.652,0.3487460146150833
216.725,0.3426557861097636
216.799,0.3366891330699145
216.873,0.330867265221461
216.946,0.3251620563895445
217.02,0.31959176000494766
217.093,0.31414546369904467
217.167,0.3088306223514888
217.24,0.30362801301433845
217.314,0.29854777073466165
217.387,0.29358929831026565
217.461,0.28874375219220416
217.535,0.2840020085047227
217.608,0.2793604030701835
217.682,0.274823316842819
217.755,0.27038377100554944
217.829,0.2660453120164522
217.902,0.261803145291977
217.976,0.257656683950531
218.049,0.2535970475504589
218.123,0.2496288892054578
218.196,0.2457443196615783
218.27,0.24194689228024543
218.343,0.23824359195694053
218.417,0.23461593647723006
218.49,0.23106507569564358
218.563,0.22758553125366543
218.637,0.22418566907944465
218.71,0.2208525346463888
218.784,0.21759141785477057
218.857,0.21439662185420413
218.931,0.2112698373253502
219.004,0.20820333066036378
219.077,0.2051992246458569
219.151,0.20227073710009238
219.224,0.1994000914352976
219.298,0.19659546077904363
219.371,0.1938532695629266
219.444,0.1911668812819139
219.518,0.1885293579439631
219.591,0.1859505915379775
219.665,0.18342815148281813
219.738,0.180956324930715
219.811,0.17854380527481004
219.885,0.1761738746608526
219.958,0.17385208574141778
220.031,0.1715770784916223
220.105,0.16934953169615577
220.178,0.1671657240722103
220.251,0.16503288440731773
220.325,0.1629423798542014
220.398,0.16090051777414563
220.471,0.15889864306910684
220.544,0.1569401789261723
220.618,0.1550298439817402
220.691,0.1531553274225333
220.764,0.1513240306987339
220.838,0.14952487382234328
220.911,0.14775413577898325
220.984,0.1460207474203871
221.057,0.1443244569020933
221.131,0.14266263814864896
221.204,0.14102849585371563
221.277,0.13943007180354708
221.35,0.13785359992544463
221.424,0.13630747802271737
221.497,0.13478651292508578
221.57,0.1332950504003461
221.643,0.13183067874244198
221.716,0.1303963190114086
221.79,0.12898179339975716
221.863,0.12759128546985993
221.936,0.1262254999547927
222.009,0.12488837797770808
222.082,0.12357794610355445
222.155,0.12228891467703913
222.229,0.12102252896172797
222.302,0.11977543210689504
222.375,0.11855015832874186
222.448,0.11735573920845872
222.521,0.11618450255896401
222.594,0.115038804676715
222.667,0.1139171655838648
222.74,0.11282123893528236
222.814,0.11174263786959597
222.887,0.11068972816607518
222.96,0.10965494321016268
223.033,0.10864085980044529
223.106,0.10764433065274105
223.179,0.10666721891058425
223.252,0.10569983095857641
223.325,0.10474993896551157
223.398,0.10381971065550369
223.471,0.1029002507471877
223.544,0.10199214600482356
223.617,0.1010943324788936
223.69,0.10020507386801938
223.763,0.0993267810528426
223.837,0.0984621765737743
223.91,0.09761393892277298
223.983,0.09677725640217243
224.056,0.09595571599367149
224.129,0.09515086184229372
224.202,0.09436154053418777
224.275,0.09358432225077033
224.348,0.0928252908499638
224.42,0.09207565713069871
224.493,0.09134533531558313
224.566,0.09063224507912954
224.639,0.08993114890582868
224.712,0.08924233994826794
224.785,0.08857017654887922
224.858,0.08791278339817425
224.931,0.08726643118113327
225.004,0.0866346780888173
225.077,0.08601242138213397
225.15,0.08540057715777141
225.223,0.08479979845297339
225.296,0.08421306800864409
225.369,0.08363603302195957
225.442,0.08306795082887951
225.514,0.0825099104333085
225.587,0.08196068144825772
225.66,0.08141330347418187
225.733,0.08086703980312576
225.806,0.08032986176045158
225.879,0.07979880307181031
225.952,0.0792783687667629
226.025,0.0787588456049065
226.097,0.07824097060694755
226.17,0.07773317462618412
226.243,0.07722881801655365
226.316,0.0767301091524673
226.389,0.07623389533637123
226.461,0.07574051255699371
226.534,0.07524914032518908
226.607,0.07476337939038193
226.68,0.07428437355692566
226.753,0.07381426891915124
226.825,0.07334600433676056
226.898,0.0728842948471647
226.971,0.07242681879852896
227.044,0.07197376999442857
227.117,0.07152121731651263
227.189,0.07107643819796648
227.262,0.07064371149184151
227.335,0.07021502018377247
227.407,0.06978725042646809
227.48,0.06936102563005768
227.553,0.06894040585402515
227.626,0.06852701716997699
227.698,0.0681145151716887
227.771,0.06771170898282851
227.844,0.06731263147183232
227.916,0.06692108737651827
227.989,0.06653670520200977
228.062,0.06615743014647661
228.134,0.06578169314478852
228.207,0.06540715408779857
228.28,0.06503364967147367
228.352,0.06466399670302506
228.425,0.06429332304902875
228.498,0.06392788535517031
228.57,0.06356439850041185
228.643,0.06320652734932916
228.716,0.06284868631183724
228.788,0.062488281755911354
228.861,0.06212752593907109
228.934,0.06176925840146987
229.006,0.06141486898763948
229.079,0.06106982052022638
229.151,0.060727431787649756
229.224,0.060392623817472804
229.296,0.06006015439446631
229.369,0.059732360305595235
229.442,0.059404172021054184
229.514,0.059075286498432536
229.587,0.05874746441736156
229.659,0.05842368015175031
229.732,0.058105808831757325
229.804,0.05779029709271532
229.877,0.05747969736006207
229.949,0.057175429292877236
230.022,0.056870793416072284
230.094,0.056564070613494756
230.167,0.05625392834628302
230.239,0.05594875674298398
230.312,0.05564304840747763
230.384,0.0553396210631234
230.457,0.05504145800764781
230.529,0.054749027610159456
230.602,0.05445209066309255
230.674,0.05415970928585794
230.747,0.05386588888707633
230.819,0.05356857942343754
230.892,0.05327136071612875
230.964,0.0529788274489705
231.037,0.05269050981060858
231.109,0.052409081217243705
231.181,0.05212966569194436
231.254,0.051854020948042104
231.326,0.051583061826261205
231.399,0.051313241503088254
231.471,0.05104311168639591
231.544,0.050772175236797834
231.616,0.05050584734921079
231.688,0.05024563440817334
231.761,0.04998305317892021
231.833,0.04972636442822515
231.905,0.04947032390134499
231.978,0.04921352870825745
232.05,0.04895138542574029
232.122,0.048688402688357516
232.195,0.04841904191618282
232.267,0.04814778627002451
232.339,0.04788437205337179
232.412,0.04761940149238063
232.484,0.047351088816831394
232.556,0.047082175417372606
232.629,0.04681107089374061
232.701,0.04654397888103814
232.773,0.04627610670138541
232.846,0.046010076711258494
232.918,0.045745378345531426
232.99,0.045482782707773686
233.062,0.04522432493879056
233.135,0.04496920285014543
233.207,0.04471767344535974
233.279,0.04447031998190654
233.351,0.04422239068052746
233.424,0.04397817632290948
233.496,0.04373474592873963
233.568,0.043493404446370454
233.64,0.04325597842724636
233.713,0.04302299732671345
233.785,0.04279638016381159
233.857,0.04256241962632863
233.929,0.04232880369630982
234.001,0.04210132845087289
234.074,0.04187718640452802
234.146,0.041653402278962595
234.218,0.04143022991124402
234.29,0.041205790244555
234.362,0.04097973234807135
234.434,0.040753143819909354
234.507,0.04052673613777375
234.579,0.04030295002138804
234.651,0.04008179386023197
234.723,0.039858236175963256
234.795,0.03963324869827614
234.867,0.039408951831950166
234.939,0.03918091999525188
235.012,0.03895044481860158
235.084,0.03872241288648618
235.156,0.03849346624824098
235.228,0.03826429024101762
235.3,0.03803108132958884
235.372,0.037804771242112185
235.444,0.03758429117047212
235.516,0.037363747070929466
235.588,0.037142910641653835
235.66,0.03692705405775818
235.732,0.03670842879110263
235.804,0.036497036045430295
235.876,0.03628749322289651
235.948,0.03607853061476258
236.02,0.03587252790742449
236.092,0.035666557891685144
236.164,0.03545749296926908
236.236,0.035246847718444864
236.308,0.03503614411164722
236.38,0.034821214655918004
236.452,0.034606553601759626
236.524,0.03439481753462565
236.596,0.03417809417959541
236.668,0.03396129719010282
236.74,0.03374919176919333
236.812,0.0335408957259511
236.884,0.03333447595216253
236.956,0.03312906208262809
237.028,0.03292392672568373
237.1,0.03272197538847552
237.172,0.03252110274167706
237.244,0.03232826893936916
237.316,0.03213265215023832
237.388,0.03193821070830631
237.46,0.0317476251689008
237.532,0.03155763912936486
237.604,0.031366424489999066
237.675,0.031174172238725116
237.747,0.030983869533147076
237.819,0.03079453557817207
237.891,0.03060995293545491
237.963,0.030427542759476855
238.035,0.030247139491842105
238.107,0.03007370471764282
238.178,0.029904420210325924
238.25,0.029732148593401533
238.322,0.02956006644399856
238.394,0.029386518794566063
238.466,0.029212449362821507
238.538,0.029039160714042868
238.609,0.028866434415914837
238.681,0.028692408883031137
238.753,0.028513632791979455
238.825,0.02833399116936212
238.897,0.028153171854381293
238.968,0.027971254382734474
239.04,0.027788418316738516
239.112,0.02760651729385212
239.184,0.02742493301949505
239.255,0.027244718715106444
239.327,0.02706519653826582
239.399,0.026884466197156613
239.471,0.026707531231482173
239.542,0.02652891646356306
239.614,0.02635138784732289
239.686,0.0261756501254625
239.758,0.02600084176243681
239.829,0.025828892272219284
239.901,0.025656643325500356
239.973,0.025484635941353345
240.044,0.02531365058799609
240.116,0.025143679983435772
240.188,0.024975617755163163
240.259,0.02480706426058818
240.331,0.024641549607883395
240.403,0.02448141463676578
240.474,0.02432229986259965
240.546,0.024161486570709788
240.618,0.023997929816009487
240.689,0.02384048624135462
240.761,0.023684803229780386
240.833,0.023531938418521806
240.904,0.023383499550612023
240.976,0.023237421826402434
241.048,0.023100132515833
241.119,0.022962757502147556
241.191,0.02282258224827066
241.262,0.02268813796669885
241.334,0.022554338565215503
241.405,0.02242183939696564
241.477,0.022293035548877457
241.549,0.022168332843674324
241.62,0.02204182699258508
241.692,0.021914589977088214
241.763,0.021788260095326476
241.835,0.021659614268015402
241.906,0.02152355544174931
241.978,0.02138185968838767
242.049,0.02124102405689446
242.121,0.02111013944213606
242.192,0.020976254580445296
242.264,0.020843839197940778
242.335,0.020712954481438024
242.407,0.02058331905982435
242.478,0.02045335491487553
242.55,0.020315782349788477
242.621,0.020182284196045012
242.693,0.02005858513015242
242.764,0.01993451825150151
242.836,0.01981196172363194
242.907,0.019690332212056582
242.979,0.01956879996122099
243.05,0.019442129078649444
243.122,0.01931394006400311
243.193,0.019182732539839445
243.264,0.019051157743707196
243.336,0.018917960394913693
243.407,0.018787820378487054
243.479,0.018664672806856082
243.55,0.01854678543944941
243.622,0.018424883702090323
243.693,0.01830517100973416
243.764,0.018185240035305646
243.836,0.018063075202194592
243.907,0.01794321988839594
243.978,0.017823191770352877
244.05,0.017713622638404265
244.121,0.0176018784691298
244.192,0.01748365049003593
244.264,0.017362826763674392
244.335,0.017238277412259504
244.407,0.01711678720620488
244.478,0.01699036423945312
244.549,0.016865408084471713
244.62,0.016741888340109673
244.692,0.016620928548362345
244.763,0.016502743156220575
244.834,0.016387225815657505
244.906,0.01627644621943361
244.977,0.01616848406317688
245.048,0.01605737173210813
245.119,0.01594592946769138
245.191,0.01583592133408327
245.262,0.015729373769409246
245.333,0.015629451961597783
245.405,0.01552845268457825
245.476,0.015428926158256731
245.547,0.015322342117928881
245.618,0.015219840624049531
245.689,0.015117467564337619
245.761,0.01501324161764243
245.832,0.014913252728636356
245.903,0.014810506617250772
245.974,0.014710961107551577
246.045,0.014614247924272168
246.117,0.014523861623130813
246.188,0.01443941602745424
246.259,0.014353589630948432
246.33,0.014274166045029998
246.401,0.014194371614289547
246.473,0.014112897012959856
246.544,0.01403728629186113
246.615,0.013965533500278541
246.686,0.013896363708300963
246.757,0.013826108482765269
246.828,0.013752150390433909
246.899,0.013678042043675414
246.97,0.01360283324214024
247.042,0.01352816396294889
247.113,0.013449098339759786
247.184,0.013368715100771431
247.255,0.013294706255865504
247.326,0.013218949689173396
247.397,0.013145194313394684
247.468,0.013077873408348433
247.539,0.013009900581757645
247.61,0.012939425789438824
247.681,0.012864126863885581
247.752,0.012796296571329791
247.823,0.01272401860358965
247.894,0.012653050243040845
247.965,0.012581657250457809
248.037,0.012504334770736151
248.108,0.012422419421526814
248.179,0.01233708044580796
248.25,0.012247383879645019
248.321,0.012157089602018233
248.392,0.012067458870322694
248.463,0.011979534833784273
248.534,0.01189216464235344
248.605,0.011804841146432779
248.675,0.011722589072396547
248.746,0.011641996587063816
248.817,0.011563170973957555
248.888,0.011489247198258992
248.959,0.01141334718618339
249.03,0.011342631999590012
249.101,0.011276613427374101
249.172,0.011217612643686883
249.243,0.011155338687320413
249.314,0.01109685618644031
249.385,0.011033218278792693
249.456,0.010966434846367357
249.527,0.01090251981120687
249.598,0.010841777995571683
249.669,0.010781584076554267
249.739,0.01072821235571535
249.81,0.01067714748824284
249.881,0.01062148241402399
249.952,0.01055965228405297
250.023,0.010502627563860507
250.094,0.010445752204850953
250.165,0.010385174030095822
250.235,0.010321354095675146
250.306,0.010257017792821241
250.377,0.010189593013686809
250.448,0.010121781470427535
250.519,0.010051859625573195
250.59,0.009979992004839934
250.66,0.009902040188708886
250.731,0.00982178939625636
250.802,0.009737276024149956
250.873,0.009660474910571462
250.944,0.009588102399545134
251.014,0.009520355076096011
251.085,0.00945426497962206
251.156,0.009390728017992553
251.227,0.009324720816645342
251.297,0.009262702711972206
251.368,0.009207270189043002
251.439,0.009160339757005163
251.51,0.009108171613069892
251.58,0.009061026906644534
251.651,0.00901640992718431
251.722,0.00896753991054899
251.792,0.008922402054066882
251.863,0.008880445212898238
251.934,0.00883859227942422
252.005,0.008798488743760682
252.075,0.008753188040778594
252.146,0.008712298101047818
252.217,0.008670378367628608
252.287,0.008632134225262511
252.358,0.008590852080514428
252.429,0.008549412222581798
252.499,0.008503434360020535
252.57,0.008455926639357257
252.641,0.008408873754689012
252.711,0.008364829811793349
252.782,0.008314294117198726
252.852,0.008260901606040167
252.923,0.008205121767000507
252.994,0.008154007223387256
253.064,0.008096788333122495
253.135,0.008035879657376253
253.205,0.00798674066672555
253.276,0.007935357858687408
253.347,0.007883483575486062
253.417,0.007829265440767275
253.488,0.007769496599273075
253.558,0.007712688423829109
253.629,0.007651625095477805
253.699,0.007594560499386754
253.77,0.007537290861863329
253.841,0.007472936933768516
253.911,0.0074067529967589115
253.982,0.007341413591091186
254.052,0.007277640034347754
254.123,0.007212337316972823
254.193,0.007146079202216362
254.264,0.007078160143690967
254.334,0.007016048085978702
254.405,0.006957165079589636
254.475,0.006895129529728026
254.546,0.0068348169185365555
254.616,0.006780570882797345
254.687,0.006722119695902022
254.757,0.006665841836178345
254.827,0.006605175012792607
254.898,0.006548876043025107
254.968,0.006498019676598197
255.039,0.006453114237485203
255.109,0.006408325786533389
255.18,0.006364423695436792
255.25,0.006318768118917521
255.321,0.006280245749603231
255.391,0.006250054989323275
255.461,0.0062201853665124025
255.532,0.00618908328806348
255.602,0.006160376912549691
255.673,0.006132541222625366
255.743,0.0061106444654880875
255.813,0.006081655458454867
255.884,0.006049287189495797
255.954,0.00601275053547089
256.024,0.005976979605700751
256.095,0.005944849865018337
256.165,0.005907194783429168
256.235,0.005870115271615225
256.306,0.005832722227524811
256.376,0.005793494631422586
256.446,0.00575122563191254
256.517,0.005698440944331317
256.587,0.005648754774193872
256.657,0.005595706764376812
256.728,0.0055439941055468725
256.798,0.005494464906119806
256.868,0.005438306322202803
256.938,0.0053848686482662325
257.009,0.005335185728020091
257.079,0.00528376089648104
257.149,0.005226837404629179
257.219,0.0051725970557893
257.29,0.005121204344105347
257.36,0.005070896671028844
257.43,0.00502902237227339
257.5,0.004992281441843267
257.571,0.004944186067528822
257.641,0.004903572686457818
257.711,0.004856215088767468
257.781,0.004813705364246388
257.852,0.004774063832926916
257.922,0.0047334966056093025
257.992,0.004700842655453131
258.062,0.004670384209492892
258.132,0.004645306104829708
258.202,0.004620968763920301
258.273,0.004593681207090907
258.343,0.004568081209558886
258.413,0.004541871475491402
258.483,0.00451612641060661
258.553,0.004491591541292645
258.623,0.004475084741280071
258.693,0.004454835312587863
258.764,0.004437125948644374
258.834,0.004419857016749752
258.904,0.004399737825589431
258.974,0.004374015123157878
259.044,0.0043595904497787065
259.114,0.004338063744549947
259.184,0.004323084392997142
259.254,0.004311659956878171
259.324,0.004295765093935844
259.394,0.004280774268336998
259.464,0.0042625246709303306
259.535,0.004236431214199342
259.605,0.004206014550742279
259.675,0.004170019816080622
259.745,0.004135179303127263
259.815,0.004099555531809467
259.885,0.0040638308383090516
259.955,0.004022483539578665
260.025,0.0039802562780121105
260.095,0.00393656682535602
260.165,0.0038954959315244276
260.235,0.0038533255547022445
260.305,0.003811707650303334
260.375,0.0037682672216090766
260.445,0.003728357647843554
260.515,0.0036861032855265716
260.585,0.003651542122119122
260.655,0.0036202846387247134
260.725,0.0035861218749372436
260.795,0.0035551343656312034
260.865,0.0035283274653930457
260.934,0.0035056104985393788
261.004,0.0034893124225640858
261.074,0.003471869392388272
261.144,0.003455216765868451
261.214,0.003435136420738206
261.284,0.003414875968393836
261.354,0.0033924229957774336
261.424,0.0033695877858690103
261.494,0.003347961990382488
261.564,0.003327195547366728
261.634,0.003302810092969163
261.703,0.0032773911849098654
261.773,0.003255375918034201
261.843,0.0032395608554560687
261.913,0.003225171555222545
261.983,0.003211124636356669
262.053,0.0031992838056035503
262.123,0.003185833727499195
262.192,0.003168581301920194
262.262,0.003149320379570553
262.332,0.0031283184742154375
262.402,0.003099415902512649
262.472,0.0030649753292321035
262.541,0.003027885337545326
262.611,0.0029948136821964684
262.681,0.002965011605987823
262.751,0.002935412366208428
262.821,0.002908264425704868
262.89,0.002887417999269102
262.96,0.002873723056446247
263.03,0.0028570117088269373
263.1,0.0028436363611833754
263.169,0.0028345745545008062
263.239,0.002823583149406808
263.309,0.0028072275685838955
263.379,0.0027931427371161136
263.448,0.0027766358790877388
263.518,0.002750136951206139
263.588,0.0027178248730882625
263.657,0.002687132468906313
263.727,0.0026556865694075797
263.797,0.002619769357664356
263.867,0.002587709289439244
263.936,0.0025589179892129125
264.006,0.0025347355215212335
264.076,0.002513330122482693
264.145,0.002490702244236579
264.215,0.0024734620566484304
264.285,0.0024552648647188156
264.354,0.002439201722741532
264.424,0.002415577470951904
264.494,0.00239149691705971
264.563,0.002364572390722535
264.633,0.002335085232115443
264.702,0.002299455672583661
264.772,0.0022682898207964856
264.842,0.002231832774168178
264.911,0.0021930220531560423
264.981,0.0021566435244189186
265.05,0.002122584921391679
265.12,0.002088317377475334
265.19,0.0020557615286814876
265.259,0.0020247115948925686
265.329,0.001992617195324384
265.398,0.0019635458841461427
265.468,0.0019358797374029253
265.537,0.0019038277173448433
265.607,0.0018798483392561227
265.676,0.0018526697650168608
265.746,0.0018294215464751014
265.815,0.0018023596938277371
265.885,0.0017772969327325768
265.955,0.0017553393235737523
266.024,0.0017374456626092633
266.094,0.0017235282999254864
266.163,0.0017187568715541395
266.232,0.0017133802699841306
266.302,0.0017103770015190185
266.371,0.0017112003666075633
266.441,0.0017127215536009075
266.51,0.0017161692695553525
266.58,0.0017201305309756264
266.649,0.001720104383862243
266.719,0.0017197521295450474
266.788,0.0017189701554869965
266.858,0.0017131895068231832
266.927,0.0017041315090150831
266.996,0.0016987427789636
267.066,0.0016865500108476433
267.135,0.0016700146837154623
267.205,0.0016479414177365686
267.274,0.0016291914674971854
267.343,0.0016165625396025354
267.413,0.0016047894559036333
267.482,0.0015933191220695764
267.552,0.001579130928701983
267.621,0.001560787470171598
267.69,0.0015453408572387191
267.76,0.0015294503027596
267.829,0.0015182862807921235
267.898,0.0015173259958455988
267.968,0.0015140040788985472
268.037,0.0015109474944212011
268.106,0.001513692707046973
268.176,0.00151570242986326
268.245,0.0015201890386555036
268.314,0.0015271360000606927
268.384,0.0015334062966138211
268.453,0.0015316296776425092
268.522,0.001524226479387272
268.592,0.0015201667376683688
268.661,0.0015206498265638857
268.73,0.0015176784425588907
268.799,0.0015027227979068918
268.869,0.0014806340836141726
268.938,0.0014569616317984954
269.007,0.0014302300574852759
269.076,0.0014070700207721076
269.146,0.001380782793685148
269.215,0.0013613219676017903
269.284,0.0013390744084104623
269.353,0.0013062709056295319
269.422,0.0012793275091478352
269.492,0.0012532563798145842
269.561,0.0012202169278947876
269.63,0.0011913326148113598
269.699,0.001157702587513096
269.768,0.0011211841975293777
269.838,0.001086354391265899
269.907,0.001058084639100806
269.976,0.0010353063700990035
270.045,0.0010119954689857707
270.114,0.000991185896624099
270.183,0.0009690634724559285
270.253,0.0009536292046592069
270.322,0.0009497029116772219
270.391,0.0009470764918274958
270.46,0.0009505770250253068
270.529,0.000952755560303096
270.598,0.0009566362590467799
270.667,0.0009529938043201921
270.736,0.0009509507136504906
270.806,0.0009547493203431316
270.875,0.0009527567387394893
270.944,0.0009479073883741696
271.013,0.0009411853725034156
271.082,0.0009363275513080782
271.151,0.0009353991136260779
271.22,0.0009406712147642232
271.289,0.000953653690346369
271.358,0.0009692351816619333
271.427,0.0009881969675084325
271.496,0.0010100404247099205
271.565,0.001029664633167834
271.634,0.0010574873740950951
271.703,0.0010825536964672831
271.772,0.001103131159925239
271.841,0.0011179202911819981
271.91,0.0011247885457921123
271.979,0.001126877884992173
272.048,0.0011275132441998454
272.117,0.0011284238681189775
272.186,0.0011187632331747784
272.255,0.0011009168655526857
272.324,0.0010829644111771527
272.393,0.0010576205985149722
272.462,0.001040710053207302
272.531,0.0010140923691146638
272.6,0.0009900922624730701
272.669,0.0009659015455817848
272.738,0.0009304198208388172
272.807,0.000887384552998205
272.876,0.0008398045156482392
272.945,0.0007936253498497635
273.013,0.0007427179095625497
273.082,0.0006793132048720876
273.151,0.000618486894789402
273.22,0.0005548599379007722
273.289,0.0004983060624342635
273.358,0.0004484306851575554
273.427,0.00040449540163801445
273.496,0.0003598264306734819
273.564,0.00031698423848598283
273.633,0.0002898379406802955
273.702,0.00027131061020539026
273.771,0.0002564261237252765
273.84,0.00025448112252234403
273.909,0.00025596065616148236
273.977,0.00027054747953939273
274.046,0.00028824897709327327
274.115,0.0002968149810574444
274.184,0.0003076068155365713
274.253,0.00032079138981786767
274.322,0.0002932944160167398
274.39,0.00028506426415272933
274.459,0.00029752865082092246
274.528,0.00033570110000347175
274.597,0.0003917233123597011
274.665,0.0004591760002473623
274.734,0.000530757491734012
274.803,0.0006035486963754444
274.872,0.0006771280162709537
274.94,0.0007452674134195698
275.009,0.0008155338333596681
275.078,0.0008721206895097542
275.147,0.0009239476185830918
275.215,0.0009669242760153456
275.284,0.0010038813342410394
275.353,0.0010298092598161979
275.421,0.0010329284890093098
275.49,0.0010107280904566665
275.559,0.0009783348802593949
275.627,0.00092931161018797
275.696,0.0008630239901245053
275.765,0.000888626420750168
275.833,0.0008895795086965968
275.902,0.0008753236801751525
275.971,0.000842845290286489
276.039,0.0007884343003100957
276.108,0.0007239534515400757
276.177,0.0006562492065459344
276.245,0.0005842630036592349
276.314,0.0005059722112838101
276.383,0.0004408708156450814
276.451,0.0003774602517841131
276.52,0.00032654087376687244
276.588,0.0002813031106080215
276.657,0.00024710473581426287
276.725,0.00020908490699559246
276.794,0.00017341167917090018
276.863,0.00015096421785591984
276.931,0.00014702811499939757
277.0,0.00015973844057425604
277.068,0.00018862355034308568
277.137,0.0002326628219564385
277.205,0.0002198678365661069
277.274,0.00020811513035015334
277.342,0.00019186491162540798
277.411,0.00016973112887645045
277.48,0.00015358811643742466
277.548,0.0001376888954136614
277.617,0.00011419760832783295
277.685,9.655422560861692e-05
277.754,8.664759890604779e-05
277.822,7.423584824674625e-05
277.89,5.7506779807270035e-05
277.959,2.6557948348958462e-05
278.027,-1.2898147169237332e-05
278.096,-5.532243561978657e-05
278.164,-8.468163737829164e-05
278.233,-0.00010804758990400728
278.301,-0.00012261496830699278
278.37,-0.000133946784500795
278.438,-0.00014275713979011866
278.507,-0.00014245085370300506
278.575,-0.00014133707324789278
278.643,-0.00013144431729953345
278.712,-0.00012150368236665713
278.78,-0.0001137427021890394
278.849,-0.00010110851879013285
278.917,-9.339856157736617e-05
278.985,-8.718942035687142e-05
279.054,-7.439204246288388e-05
279.122,-6.969211404203601e-05
279.191,-6.875702234730325e-05
279.259,-8.210735203341643e-05
279.327,-9.924661609507351e-05
279.396,-0.0001033759146794609
279.464,-0.00010124225009083971
279.532,-9.963497389237269e-05
279.601,-0.00010588917743042571
279.669,-0.0001104160049406311
279.737,-0.0001214422423741763
279.806,-0.00012662657103446856
279.874,-0.00013367712066780053
279.942,-0.00015032427955447502
280.011,-0.0001616322348792986
280.079,-0.00017371841185672004
280.147,-0.00018479255981867194
280.215,-0.00019296953592143104
280.284,-0.0002009133061782986
280.352,-0.00021007672628987808
280.42,-0.00021766499717650248
280.488,-0.00022525621860564136
280.557,-0.00022874628673704247
280.625,-0.00023344584912893523
280.693,-0.00022768107483168165
280.761,-0.00021558398233068193
280.83,-0.00020870202640739733
280.898,-0.00020407997803755488
280.966,-0.0002001616776708376
281.034,-0.00019520169921323927
281.102,-0.00019363682621767445
281.171,-0.00019216386494084835
281.239,-0.0001973516700174102
281.307,-0.0001974342687096619
281.375,-0.00020089029356822676
281.443,-0.00020188419336543265
281.512,-0.0002045438917300825
281.58,-0.0002171712343220674
281.648,-0.00022956698332308903
281.716,-0.00024948880990336835
281.784,-0.00026925498294692385
281.852,-0.0002916800104303279
281.92,-0.00031865023842293517
281.989,-0.0003436128238137496
282.057,-0.00037118309080728587
282.125,-0.000391612566089611
282.193,-0.00041211626161367806
282.261,-0.0004319662210864044
282.329,-0.0004489997834171703
282.397,-0.00046119517240469893
282.465,-0.00046384190714403274
282.533,-0.000462251873397969
282.601,-0.00045600058828808163
282.67,-0.000451176585466619
282.738,-0.0004517181747964735
282.806,-0.0004390894418281852
282.874,-0.0004346986545481075
282.942,-0.0004357934823727839
283.01,-0.0004290772269038189
283.078,-0.0004278197717357765
283.146,-0.0004240840887973707
283.214,-0.0004132769062166495
283.282,-0.00039980477363455477
283.35,-0.000384727634977681
283.418,-0.00037287327475972665
283.486,-0.00035741364583353227
283.554,-0.00034960979614858626
283.622,-0.00034137198154385757
283.69,-0.0003324410452350236
283.758,-0.0003234291456375969
283.826,-0.00031776110280534476
283.894,-0.0003266246790535669
283.962,-0.0003430897834492765
284.03,-0.0003612501806520096
284.098,-0.0003734437930265037
284.165,-0.00038621236508756406
284.233,-0.0004093103842340233
284.301,-0.00042842634844110944
284.369,-0.00044513298938260226
284.437,-0.00045809117513568573
284.505,-0.000461367104164018
284.573,-0.00045588128085889175
284.641,-0.00045609669461181334
284.709,-0.0004568474813095403
284.777,-0.000453569484761302
284.845,-0.0004532102247463046
284.912,-0.0004518357729756226
284.98,-0.00045461391748918075
285.048,-0.0004617695048789814
285.116,-0.0004670755396037412
285.184,-0.00047912554230459896
285.252,-0.0004857838021162779
285.319,-0.0004836291245780552
285.387,-0.000476206311345338
285.455,-0.00046977483914962756
285.523,-0.0004669910160554017
285.591,-0.00046459231215552864
285.659,-0.00045914896637300645
285.726,-0.0004550174826648212
285.794,-0.000440226460432819
285.862,-0.00042322373213146317
285.93,-0.0004128671409735072
285.997,-0.00040339487753867666
286.065,-0.0003893355841777199
286.133,-0.0003757622814369282
286.201,-0.0003696782873713656
286.269,-0.00036335766046370345
286.336,-0.0003617449591223885
286.404,-0.0003556657558360915
286.472,-0.000347866842573233
286.539,-0.00035053309076355584
286.607,-0.00034568082844059765
286.675,-0.000351461502585989
286.743,-0.0003640673356713786
286.81,-0.00037970059177975016
286.878,-0.00039451163922892067
286.946,-0.00041537957547877104
287.013,-0.0004344256124089613
287.081,-0.00044699845233683004
287.149,-0.00045337808768208
287.216,-0.0004670583676162145
287.284,-0.00048625698371442856
287.352,-0.0004920616168955767
287.419,-0.0004983344575140862
287.487,-0.0005071502667780839
287.555,-0.0005169464867915869
287.622,-0.0005187625349533677
287.69,-0.0005148857694850523
287.758,-0.0005091485860382797
287.825,-0.0005059517106035553
287.893,-0.0005028422947888811
287.96,-0.0004934116223128063
288.028,-0.0004927011478991056
288.096,-0.00048821853816605627
288.163,-0.00048263767707891275
288.231,-0.00047309123702269984
288.298,-0.00046905283151754646
288.366,-0.0004559969256793646
288.433,-0.00043992907263720195
288.501,-0.00042874943675474204
288.569,-0.0004229258508041299
288.636,-0.00041227979154850387
288.704,-0.000393156298942639
288.771,-0.00038521863349322895
288.839,-0.00038366066272054665
288.906,-0.00038589699897584827
288.974,-0.00037858224681455846
289.041,-0.0003768226208245236
289.109,-0.00037827002421213186
289.176,-0.00038181276656767884
289.244,-0.00038474507068888094
289.311,-0.0003877480757392317
289.379,-0.0003975219171788653
289.446,-0.00040053091001359986
289.514,-0.0004097923599041472
289.581,-0.0004137938053330547
289.649,-0.0004210221478217981
289.716,-0.0004177155454981252
289.783,-0.00041544742032655844
289.851,-0.00041809031356997666
289.918,-0.0004196961867306706
289.986,-0.0004165643486543141
290.053,-0.00041943980328351037
290.121,-0.0004328604969152128
290.188,-0.0004519861973668863
290.255,-0.0004638860094227402
290.323,-0.00046865381373007646
290.39,-0.0004843515675020039
290.458,-0.0004968702944774747
290.525,-0.0005107519812654812
290.592,-0.0005174505191510941
290.66,-0.0005230581768585051
290.727,-0.0005266651663602049
290.794,-0.0005185505515748523
290.862,-0.000513139406466786
290.929,-0.000497168485673886
290.996,-0.0004786106502875385
291.064,-0.0004561559372702572
291.131,-0.0004414036815339707
291.198,-0.00042700208810558376
291.266,-0.0004108003679096566
291.333,-0.0003963205436967562
291.4,-0.00039095033722607984
291.468,-0.00038964983301069265
291.535,-0.00038734037911350466
291.602,-0.00037674600588573966
291.669,-0.00037196482997243737
291.737,-0.00037185589322166
291.804,-0.0003687905692353134
291.871,-0.0003669687311139251
291.938,-0.0003653000733326541
292.006,-0.00036728030980414365
292.073,-0.0003666201526944327
292.14,-0.00036756759329426887
292.207,-0.00037404148489578545
292.275,-0.0003788379826124036
292.342,-0.00038843684687010825
292.409,-0.0004037225693915525
292.476,-0.00042149235047835227
292.543,-0.0004345830783605406
292.611,-0.0004525157128224224
292.678,-0.00046972733628362293
292.745,-0.00048559806914347703
292.812,-0.0004994847896689727
292.879,-0.0005014450837177783
292.946,-0.0004998106207869492
293.014,-0.0005000567178597692
293.081,-0.0005009859378285986
293.148,-0.0005024667337952223
293.215,-0.0005053939622818756
293.282,-0.0005079702334611313
293.349,-0.0005088335374851383
293.416,-0.0005126763769684097
293.484,-0.0005151825136021867
293.551,-0.0005176612378444277
293.618,-0.0005235277590086143
293.685,-0.0005318160750107288
293.752,-0.0005342897422428112
293.819,-0.0005346840319138763
293.886,-0.0005307884052849244
293.953,-0.000530177696989419
294.02,-0.0005182785298364722
294.087,-0.0005028226683521231
294.154,-0.0004902053697080729
294.221,-0.0004735484979779455
294.288,-0.0004616211670298167
294.356,-0.0004546393340164515
294.423,-0.0004471498777945029
294.49,-0.0004312428553280012
294.557,-0.0004110501496410068
294.624,-0.000388320365332482
294.691,-0.00037074705862260926
294.758,-0.0003558004078729246
294.825,-0.00033689134065084713
294.892,-0.00032016033598745243
294.959,-0.0003036625713201614
295.026,-0.00028276914318109045
295.093,-0.0002583388846968917
295.16,-0.00023979639216702378
295.226,-0.00022483991743821934
295.293,-0.00021662911411249322
295.36,-0.00020826875489119752
295.427,-0.00021539378729046378
295.494,-0.0002308337500196389
295.561,-0.00024535861423538087
295.628,-0.0002552552726949583
295.695,-0.00026883406355217483
295.762,-0.0002709521319796157
295.829,-0.00027129875335531775
295.896,-0.0002791627038595568
295.963,-0.0002917698911275736
296.03,-0.00030487677943484564
296.096,-0.0003062558815648343
296.163,-0.00030129654094016473
296.23,-0.0002946877965452717
296.297,-0.000288026975611333
296.364,-0.0002811258608054942
296.431,-0.0002730050827064092
296.498,-0.0002687750777805443
296.564,-0.00027038866237711067
296.631,-0.00027375973411927296
296.698,-0.0002819746225487659
296.765,-0.00029620840372801354
296.832,-0.0002993440118338508
296.899,-0.000297416523478058
296.965,-0.00029295155046552815
297.032,-0.0002981507185033821
297.099,-0.00030170894789054907
297.166,-0.000313473047284359
297.233,-0.0003251875858882688
297.299,-0.0003313226340325349
297.366,-0.0003347519866112152
297.433,-0.00033716299983071026
297.5,-0.00035353304932796213
297.566,-0.0003743889095078278
297.633,-0.000395007010912802
297.7,-0.00042172023944904755
297.767,-0.0004497378439872537
297.833,-0.00048094479520089295
297.9,-0.0005132220038997743
297.967,-0.0005377004602033822
298.033,-0.000552090084492268
298.1,-0.0005547660599340701
298.167,-0.0005405505881533653
298.234,-0.0005288016014357648
298.3,-0.0005193121483406736
298.367,-0.0005102840423538282
298.434,-0.0004937364579997696
298.5,-0.00047136806603940317
298.567,-0.00044778653475611763
298.634,-0.0004184650220180152
298.7,-0.0003915207207233527
298.767,-0.0003607429027761764
298.834,-0.000331820951806588
298.9,-0.0002923886290080226
298.967,-0.0002556420121505446
299.033,-0.0002279314738178626
299.1,-0.0001938411695455721
299.167,-0.0001620732746464235
299.233,-0.00013131066175471918
299.3,-9.904281535312725e-05
299.366,-6.632964994896227e-05
299.433,-4.049036148690315e-05
299.5,-1.88198039574445e-05
299.566,-1.397557764021001e-05
299.633,-1.3431648376771646e-05
299.699,-1.2275324582961583e-05
299.766,-1.2697491241667206e-05
299.832,-1.726020472375612e-05
299.899,-1.7184588640010175e-05
299.965,-6.352144335539915e-06
300.032,0.0
300.099,9.679164712220339e-06
300.165,1.4667556813194513e-05
300.232,1.932317821789955e-05
300.298,1.5803404878839064e-05
300.365,1.4289628708692603e-05
300.431,1.3136877425203269e-05
300.498,8.589203734066805e-06
300.564,6.910657124592043e-06
300.631,3.0557463049378184e-06
300.697,-4.879334462479418e-07
300.763,-1.3868353177912515e-06
300.83,-5.883468033938667e-06
300.896,-1.6301446468024147e-05
300.963,-2.2233856324828364e-05
301.029,-2.562902363532085e-05
301.096,-2.6407926333384222e-05
301.162,-2.42764049832924e-05
301.229,-1.3400231653409593e-05
301.295,-1.415191081337435e-05
301.361,-2.3652413550015616e-05
301.428,-3.443597512499518e-05
301.494,-5.2045663893761486e-05
301.561,-7.102312013995082e-05
301.627,-9.096676603651412e-05
301.693,-0.00010855884473808382
301.76,-0.0001269009925128656
301.826,-0.00013258934448165228
301.892,-0.00013801268333052584
301.959,-0.00014243408530421005
302.025,-0.00014254446850173235
302.092,-0.00013812467359268428
302.158,-0.00013844507411545383
302.224,-0.0001324758391633251
302.291,-0.00012358426384370723
302.357,-0.0001118586510641792
302.423,-9.793439769995522e-05
302.49,-8.464378868989145e-05
302.556,-7.401353066851209e-05
302.622,-7.021890607705855e-05
302.688,-5.907022062489271e-05
302.755,-4.9145713004966786e-05
302.821,-4.2785551060344706e-05
302.887,-3.2731825344705505e-05
302.954,-2.4079556852406777e-05
303.02,-1.4030562968919057e-05
303.086,-5.776377248409581e-06
303.152,6.6461909343027935e-06
303.219,1.5118070445513662e-05
303.285,2.931351672205795e-05
303.351,4.517790659037837e-05
303.417,6.24509104333684e-05
303.483,7.44249610735862e-05
303.55,8.599868962920799e-05
303.616,9.53625675646777e-05
303.682,0.00010976558679711481
303.748,0.00012489286448384015
303.815,0.0001377482529484532
303.881,0.00014830452146415978
303.947,0.00016644261945131911
304.013,0.00018210335191452844
304.079,0.00019494266084645127
304.145,0.0002075072557528059
304.212,0.00021717084584231064
304.278,0.00022077952580371263
304.344,0.0002254077105444408
304.41,0.00022207682810062004
304.476,0.00021930311085757348
304.542,0.0002152755019577617
304.608,0.00020750232151544944
304.674,0.00019600820695865246
304.741,0.0001775931233355784
304.807,0.00015935560908637866
304.873,0.00014905092585048695
304.939,0.0001442090528938454
305.005,0.00013950911835061832
305.071,0.00013075643946175943
305.137,0.00011962674598068015
305.203,0.00011148322035017909
305.269,0.00010468064564068052
305.335,8.733037193179825e-05
305.401,7.466845324026116e-05
305.467,6.148280191147145e-05
305.533,4.352119164542768e-05
305.599,2.8038707367042357e-05
305.666,1.2735613935423167e-05
305.732,-9.077868468177437e-06
305.798,-2.845179080843274e-05
305.864,-4.5083380238435514e-05
305.93,-5.704619396533929e-05
305.996,-6.529415781242016e-05
306.062,-7.08965987878026e-05
306.128,-6.657382753231172e-05
306.194,-5.806115496779004e-05
306.259,-5.025918590911057e-05
306.325,-4.478365671052573e-05
306.391,-3.477726157177135e-05
306.457,-2.119277869389821e-05
306.523,-4.431484239457994e-06
306.589,8.304219815823084e-06
306.655,2.3348837251984764e-05
306.721,4.1929285084067835e-05
306.787,6.175646773965446e-05
306.853,7.660343156539429e-05
306.919,8.991343926122355e-05
306.985,0.0001018792929752923
307.051,0.00011279736934097673
307.117,0.00012612129351134094
307.183,0.00014304668086203884
307.248,0.00016327599443448013
307.314,0.00017421926407961975
307.38,0.00018476487015345596
307.446,0.00019283301093589718
307.512,0.00019631863666540493
307.578,0.00020138715238752006
307.644,0.00020378872619724247
307.709,0.00020659692867348466
307.775,0.00020463308167144106
307.841,0.00020438046780177875
307.907,0.00019858852336703626
307.973,0.00019909199292828124
308.039,0.00019841571917214563
308.104,0.00019848411179979863
308.17,0.00019094156304866284
308.236,0.00018744178497443753
308.302,0.0001841107278735972
308.368,0.00018499563655548232
308.433,0.00019131137282159984
308.499,0.0002017005681469413
308.565,0.00021123759913253254
308.631,0.00021357373092562604
308.696,0.0002201380849589204
308.762,0.00022156233914685054
308.828,0.0002228833027257267
308.894,0.00022829598891882963
308.959,0.0002247612921059632
309.025,0.00021818278965760353
309.091,0.00021018135659210666
309.156,0.00020040501509514645
309.222,0.00018538134883714418
309.288,0.0001744478987235544
309.354,0.0001585527854997078
309.419,0.00013729726358195112
309.485,0.00012215693404557518
309.551,0.00011424467678498018
309.616,0.00010877770963448382
309.682,0.00011646898520155736
309.748,0.00012490412158486634
309.813,0.0001325065574902099
309.879,0.00014615290449331987
309.945,0.00016309063250133485
310.01,0.00018987074176840857
310.076,0.0002196191283044067
310.141,0.0002538640614698684
310.207,0.00028629418066888424
310.273,0.00031202739767519755
310.338,0.00034076816464491036
310.404,0.0003647386091459608
310.469,0.00038536820846418794
310.535,0.0004088315601239752
310.601,0.00042623197062728233
310.666,0.0004404433953885875
310.732,0.00044997933285205997
310.797,0.00044497174632534046
310.863,0.00043775142905038333
310.928,0.00043356736891274084
310.994,0.0004303393865293784
311.059,0.0004251641668225562
311.125,0.00042695151126186207
311.191,0.0004392848883318842
311.256,0.00044826648476732373
311.322,0.0004655591750839283
311.387,0.00047546351958381166
311.453,0.00048075573481560406
311.518,0.0004846871321424034
311.584,0.0004905865966040153
311.649,0.0004992947124875603
311.715,0.0005034320346943764
311.78,0.0005096865961843269
311.846,0.000509180175369285
311.911,0.0004997394013575013
311.976,0.0004961727832215278
312.042,0.0004877878356590515
312.107,0.00047339579300674603
312.173,0.0004988184526044835
312.238,0.0005204268625429268
312.304,0.0005352575670149169
312.369,0.0005447044924360614
312.434,0.0005490119274837906
312.5,0.0005425900132472849
312.565,0.0005261959265568839
312.631,0.0005062666205225909
312.696,0.0004746315336599911
312.761,0.0004422035721232075
312.827,0.00041184072318527595
312.892,0.00037767490011300685
312.958,0.00033731083527939877
313.023,0.00029603596452530516
313.088,0.00025633651938012
313.154,0.00022149085912010887
313.219,0.00020132316810087355
313.284,0.00019716341703431792
313.35,0.00019382218237245206
313.415,0.00019614010976711752
313.48,0.0002081071226125882
313.546,0.000193990050436355
313.611,0.0001794545447433481
313.676,0.0001631043295319763
313.741,0.00014970297542461005
313.807,0.00013623369331766877
313.872,0.0001302650114542907
313.937,0.00012021619745035353
314.003,0.00011133024261472647
314.068,0.0001020592866220822
314.133,9.443824735700785e-05
314.198,8.608399436173714e-05
314.264,7.964855502959316e-05
314.329,8.265813155933503e-05
314.394,8.71498940860499e-05
314.459,9.34407710920848e-05
314.525,0.00010235822267609634
314.59,0.00010893481694782518
314.655,0.00010487638024253542
314.72,9.861111985169307e-05
314.785,9.43425827689629e-05
314.851,9.508864230391515e-05
314.916,0.00010536738129730646
314.981,0.00011637557715966777
315.046,0.000133606623386898
315.111,0.00015002686574280166
315.176,0.00017206657080858084
315.242,0.00018560160032536228
315.307,0.00020075280314018224
315.372,0.00021795871210408645
315.437,0.00023270590324394518
315.502,0.00024972624114515726
315.567,0.00026363088374068485
315.632,0.00027684563549123663
315.698,0.00029096935651028085
315.763,0.0003002561452523006
315.828,0.00031007462761879203
315.893,0.0003124404066945905
315.958,0.00030929064744743517
316.023,0.0003097027646972623
316.088,0.00031422377582597066
316.153,0.00031734928943450715
316.218,0.00031769934105656006
316.283,0.0003139020580270889
316.348,0.00030952128168290665
316.413,0.0002966672558584755
316.479,0.0002849947967369581
316.544,0.0002556160199194847
316.609,0.00021981480385918568
316.674,0.00018074295179329125
316.739,0.00013807407507165353
316.804,0.00010357883678427599
316.869,6.481374176672413e-05
316.934,2.9924499044734156e-05
316.999,3.385725194771577e-06
317.064,-3.203290541401202e-05
317.129,-5.8588775756953327e-05
317.194,-8.519604491827155e-05
317.259,-0.00010796740804285293
317.324,-0.00012103854048944415
317.389,-0.00013102065698417586
317.454,-0.00014004474473039172
317.518,-0.0001466806386507886
317.583,-0.00015457064827907602
317.648,-0.00016200057850856555
317.713,-0.00017425233489026543
317.778,-0.0001840431861094227
317.843,-0.00020317862885695865
317.908,-0.00021614370749681175
317.973,-0.00021872471437252872
318.038,-0.00021742992122197722
318.103,-0.0002220364548277537
318.168,-0.00023431021620542455
318.233,-0.0002505055931417258
318.297,-0.0002713188742842403
318.362,-0.00030539882009406516
318.427,-0.0003390306708397619
318.492,-0.0003819787802458198
318.557,-0.0004282585008436798
318.622,-0.0004705022928824809
318.687,-0.0005199597254007571
318.751,-0.0005763908677668188
318.816,-0.0006305906002478549
318.881,-0.0006848886778734567
318.946,-0.0007318352350451793
319.011,-0.0007821835672979126
319.075,-0.0008182118802866268
319.14,-0.0008533576737997157
319.205,-0.000882329065060861
319.27,-0.0009010510068149176
319.335,-0.0009194033977427024
319.399,-0.000939571117337149
319.464,-0.0009533442151668473
319.529,-0.0009679979456289515
319.594,-0.0009771668850707303
319.658,-0.0009844130382376175
319.723,-0.0009841213706528935
319.788,-0.0009824910892491001
319.853,-0.0009762850037474486
319.917,-0.000966653529117351
319.982,-0.0009634520512703188
320.047,-0.0009632452334300139
320.112,-0.0009585346405915469
320.176,-0.000963048995907596
320.241,-0.0009701033039135496
320.306,-0.0009865276575088437
320.37,-0.0010004570973677074
320.435,-0.001035048751131159
320.5,-0.0010631273630597347
320.564,-0.001087673767268881
320.629,-0.0011202803516358066
320.694,-0.0011575005515977739
320.758,-0.0011925993072203656
320.823,-0.0012248519901452727
320.888,-0.0012511163013713268
320.952,-0.0012734167153069333
321.017,-0.0012892340936619447
321.082,-0.0013101177266912995
321.146,-0.0013290736137839142
321.211,-0.0013553861378711033
321.275,-0.001385272568029677
321.34,-0.0014206959233249168
321.405,-0.0014581152856351358
321.469,-0.001502322298744097
321.534,-0.0015485453928249565
321.598,-0.001596994429632304
321.663,-0.001644469887369154
321.727,-0.0016874578276563992
321.792,-0.0017225005130978624
321.857,-0.0017670558888199326
321.921,-0.0018137895168900738
321.986,-0.0018521984413166401
322.05,-0.0018883806846386093
322.115,-0.0019212744502349062
322.179,-0.0019502754597389867
322.244,-0.00198074809096414
322.308,-0.0020208338633713793
322.373,-0.0020794270220682153
322.437,-0.0021351866009479093
322.502,-0.002198790945971294
322.566,-0.0022565717518905006
322.631,-0.0023149998151520547
322.695,-0.002366337106560817
322.76,-0.0024082453483176
322.824,-0.0024505041386812675
322.889,-0.002474909556530718
322.953,-0.0024956814798705053
323.018,-0.002518198913865758
323.082,-0.0025485171481965836
323.146,-0.0025721172637862433
323.211,-0.0025975540528439004
323.275,-0.002623801447102215
323.34,-0.0026571186534014306
323.404,-0.0026888594904254767
323.468,-0.0025213703470318535
323.533,-0.0024623892312525936
323.597,-0.002506197552759223
323.662,-0.002636821753823021
323.726,-0.002835434030123855
323.79,-0.003114972257526852
323.855,-0.0034497140055080775
323.919,-0.0038497957978357125
323.983,-0.004294906310506629
324.048,-0.004783187970720126
324.112,-0.005322206047709265
324.177,-0.005867046845129298
324.241,-0.006464486874769557
324.305,-0.007067717689013426
324.37,-0.007661245876968744
324.434,-0.008247289161143943
324.498,-0.008821779689144152
324.562,-0.009466906381187015
324.627,-0.010203368129419011
324.691,-0.011051863825986552
324.755,-0.012033092363036003
324.82,-0.01316775263271378
324.884,-0.01447654352716629
324.948,-0.01598016393853993
325.012,-0.01769931275898108
325.077,-0.01965468888063616
